{
  "eval_loss": 0.42191559076309204,
  "eval_accuracy": 0.9118942731277533,
  "eval_f1": 0.9167823247394992,
  "eval_runtime": 6.542,
  "eval_samples_per_second": 173.496,
  "eval_steps_per_second": 10.853,
  "epoch": 5.0
}